rss_title,letterboxd_slug,letterboxd_url,watched_at,user_rating,status,notes,tmdb_id,title,year,directors,genres,countries,runtime,original_language,poster_url
"Parallel Tales, 2026 - ★★",parallel-tales,https://letterboxd.com/mathmon/film/parallel-tales/,"Wed, 20 May 2026 11:10:15 +1200",2.0,needs_metadata,,,,,,,,,,
"The Taste of Others, 2000 - ★★★½",the-taste-of-others,https://letterboxd.com/mathmon/film/the-taste-of-others/,"Wed, 13 May 2026 01:34:19 +1200",3.5,needs_metadata,,,,,,,,,,
"All That's Left of You, 2025 - ★★★★½",all-thats-left-of-you,https://letterboxd.com/mathmon/film/all-thats-left-of-you/,"Sun, 29 Mar 2026 10:55:43 +1300",4.5,needs_metadata,,,,,,,,,,
"The History of Sound, 2025 - ★★★★",the-history-of-sound,https://letterboxd.com/mathmon/film/the-history-of-sound/,"Thu, 12 Mar 2026 23:02:19 +1300",4.0,needs_metadata,,,,,,,,,,
"The Ties That Bind Us, 2024 - ★★★★",the-ties-that-bind-us,https://letterboxd.com/mathmon/film/the-ties-that-bind-us/,"Sun, 8 Mar 2026 08:41:52 +1300",4.0,needs_metadata,,,,,,,,,,
"Family Resemblances, 1996 - ★★★★½",family-resemblances,https://letterboxd.com/mathmon/film/family-resemblances/1/,"Wed, 4 Mar 2026 12:40:16 +1300",4.5,needs_metadata,,,,,,,,,,
"Samuel, 2024",samuel-2024,https://letterboxd.com/mathmon/film/samuel-2024/,"Wed, 4 Mar 2026 05:24:30 +1300",,needs_metadata,,,,,,,,,,
"When the Cat's Away, 1996 - ★★★",when-the-cats-away,https://letterboxd.com/mathmon/film/when-the-cats-away/,"Tue, 3 Mar 2026 11:26:33 +1300",3.0,needs_metadata,,,,,,,,,,
"The Torch, 2022",the-torch-2022,https://letterboxd.com/mathmon/film/the-torch-2022/,"Tue, 3 Mar 2026 09:28:21 +1300",,needs_metadata,,,,,,,,,,
"The Flame, 2020",the-flame-2020-2,https://letterboxd.com/mathmon/film/the-flame-2020-2/,"Tue, 3 Mar 2026 09:28:11 +1300",,needs_metadata,,,,,,,,,,
"The Rapture, 2023 - ★★★",the-rapture-2023,https://letterboxd.com/mathmon/film/the-rapture-2023/,"Mon, 2 Mar 2026 11:56:17 +1300",3.0,needs_metadata,,,,,,,,,,
"Forever Young, 2022 - ★★★½",forever-young-2022,https://letterboxd.com/mathmon/film/forever-young-2022/,"Mon, 2 Mar 2026 11:49:43 +1300",3.5,needs_metadata,,,,,,,,,,
"The Blue Caftan, 2022 - ★★★",the-blue-caftan,https://letterboxd.com/mathmon/film/the-blue-caftan/,"Mon, 2 Mar 2026 11:49:10 +1300",3.0,needs_metadata,,,,,,,,,,
"A Little Something Extra, 2024",a-little-something-extra,https://letterboxd.com/mathmon/film/a-little-something-extra/,"Mon, 2 Mar 2026 11:47:44 +1300",,needs_metadata,,,,,,,,,,
"The Piano Accident, 2025 - ★★★",the-piano-accident,https://letterboxd.com/mathmon/film/the-piano-accident/1/,"Wed, 18 Feb 2026 22:02:32 +1300",3.0,needs_metadata,,,,,,,,,,
"Guru, 2025 - ★",guru-2025,https://letterboxd.com/mathmon/film/guru-2025/,"Wed, 11 Feb 2026 23:11:58 +1300",1.0,needs_metadata,,,,,,,,,,
"Love Is Overrated, 2025 - ★★★½",love-is-overrated,https://letterboxd.com/mathmon/film/love-is-overrated/,"Mon, 26 Jan 2026 10:19:31 +1300",3.5,needs_metadata,,,,,,,,,,
"Summer Beats, 2025 - ★★★★",summer-beats-2025,https://letterboxd.com/mathmon/film/summer-beats-2025/,"Mon, 26 Jan 2026 12:10:16 +1300",4.0,needs_metadata,,,,,,,,,,
"Resurrection, 2025 - ★★★½",resurrection-2025,https://letterboxd.com/mathmon/film/resurrection-2025/,"Mon, 15 Dec 2025 14:43:01 +1300",3.5,needs_metadata,,,,,,,,,,
"Out of Love, 2025 - ★★★½",out-of-love-2025,https://letterboxd.com/mathmon/film/out-of-love-2025/,"Fri, 12 Dec 2025 12:39:46 +1300",3.5,needs_metadata,,,,,,,,,,
"Eagles of the Republic, 2025 - ★★★",eagles-of-the-republic,https://letterboxd.com/mathmon/film/eagles-of-the-republic/,"Thu, 11 Dec 2025 12:27:16 +1300",3.0,needs_metadata,,,,,,,,,,
"Nouvelle Vague, 2025 - ★★★",nouvelle-vague-2025,https://letterboxd.com/mathmon/film/nouvelle-vague-2025/,"Mon, 1 Dec 2025 10:11:32 +1300",3.0,needs_metadata,,,,,,,,,,
"Six and Twelve, 1968",six-and-twelve,https://letterboxd.com/mathmon/film/six-and-twelve/,"Sat, 29 Nov 2025 03:51:19 +1300",,needs_metadata,,,,,,,,,,
"The Last Paradises, 2019",the-last-paradises,https://letterboxd.com/mathmon/film/the-last-paradises/,"Sat, 29 Nov 2025 03:38:38 +1300",,needs_metadata,,,,,,,,,,
"Sukar, 2020",sukar,https://letterboxd.com/mathmon/film/sukar/,"Sat, 29 Nov 2025 03:38:16 +1300",,needs_metadata,,,,,,,,,,
"Men Lahm wa Salb, 1959",men-lahm-wa-salb,https://letterboxd.com/mathmon/film/men-lahm-wa-salb/,"Sat, 29 Nov 2025 03:37:48 +1300",,needs_metadata,,,,,,,,,,
"The Stranger, 2025",the-stranger-2025-1,https://letterboxd.com/mathmon/film/the-stranger-2025-1/,"Wed, 26 Nov 2025 12:41:59 +1300",,needs_metadata,,,,,,,,,,
"Ablaze, 2025 - ★½",ablaze-2025,https://letterboxd.com/mathmon/film/ablaze-2025/,"Wed, 12 Nov 2025 12:23:17 +1300",1.5,needs_metadata,,,,,,,,,,
"Bye Bye, 2021 - ★★½",bye-bye-2021,https://letterboxd.com/mathmon/film/bye-bye-2021/,"Sat, 8 Nov 2025 03:03:44 +1300",2.5,needs_metadata,,,,,,,,,,
"Scars We Love, 2024 - ★★★★★",scars-we-love,https://letterboxd.com/mathmon/film/scars-we-love/,"Sat, 8 Nov 2025 02:58:48 +1300",5.0,needs_metadata,,,,,,,,,,
"The Little Sister, 2025 - ★★★½",the-little-sister-2025,https://letterboxd.com/mathmon/film/the-little-sister-2025/,"Fri, 7 Nov 2025 12:52:35 +1300",3.5,needs_metadata,,,,,,,,,,
"A Poet, 2025 - ★★★½",a-poet,https://letterboxd.com/mathmon/film/a-poet/,"Thu, 6 Nov 2025 12:31:19 +1300",3.5,needs_metadata,,,,,,,,,,
